Name,Website,Phone,Email,Location,Category,Description
ACE Rent A Car,acerentacar.com,(866) 551-8267,,Indianapolis IN,Independent Regional,"Multinational independent rental, est. 1966, 51+ locations"
Fox Rent A Car,foxrentacar.com,(323) 593-7486,,Multi-state (CA FL TX NV CO AZ GA HI),Independent Regional,"Affordable independent rental at major US airports, ~9000 employees"
Midway Car Rental,midwaycarrental.com,(866) 717-6802,,Los Angeles CA,Independent Regional,"Largest privately held independent car rental in LA, est. 1972"
Advantage Rent A Car,advantage.com,(888) 433-2222,,Orlando FL,Independent Regional,"Est. 1963, operates in 30+ US airports, ~350 employees"
Payless Car Rental,paylesscar.com,1-800-729-5377,,Multi-state,Independent Regional,"Founded 1971 in Spokane WA, budget brand at major airports"
U-Save Car and Truck Rental,usave.com,(877) 813-7008,reservations@usave.com,Madison MS,Independent Regional,"Oldest auto rental franchise in the US (est. 1979), 200+ locations"
NU Car Rentals,nucarrentals.com,(877) 535-7117,Reservations@NUCarRentals.com,San Antonio TX,Independent Regional,"Airport and city center locations across North America"
EZ Rent-A-Car,e-zrentacar.com,(800) 277-5171,,Georgia,Independent Regional,"Independent rental company operating at US airports"
Routes Car Rental,routescarrental.com,,,Denver CO / Atlanta GA / Chicago IL,Independent Regional,"Multi-state operator at US airports, incorporated 2018"
Economy Rent a Car,economyrentacar.com,(877) 326-7368,info@economyrentacar.com,Honolulu HI,Independent Regional,"Hawaii-based airport car rental near Honolulu"
Silvercar,silvercar.com,,,Austin TX,Independent Regional,"App-based premium rental (Audi fleet), est. 2012"
Rent-A-Wreck,rentawreck.com,(877) 877-0700,,Multi-state (23+ states),Independent Regional,"Oldest and largest used car rental company in the world, since 1973"
NextCar Rental,nextcarrental.com,(877) 877-1800,,Multi-state (15+ states),Independent Regional,"Franchise rental (NP Franchise Group), est. 2003"
Priceless Car Rental,pricelesscarrental.com,(877) 877-1400,,Multi-state (16+ states),Independent Regional,"Locally-owned franchise, operating 40+ years"
Easirent,us.easirent.com,,,Fort Lauderdale FL,Independent Regional,"Family-run company est. 1999, FL TX NC NV locations"
Zezgo Rent A Car,zezgo.com,,,Brighton UK / US locations,Independent Regional,"Global brand est. 2012, affordable car hire"
DRIVE Rental Cars,driverentalcars.com,1-866-903-7483,Reservations@DriveRentalCars.com,Multi-state,Independent Regional,"Wide vehicle selection from economy to luxury"
Royal Rent-A-Car,royalrentacar.com,(305) 871-3000,,Miami FL,Independent Regional,"Independently owned since 1983 at Miami International Airport"
Saver Car Rental,savercarrental.com,,,Fort Lauderdale FL,Independent Regional,"Budget car rentals at Florida airports and cruise terminals"
Street Rent a Car,streetrentacar.com,,,Global (47+ countries),Independent Regional,"Network of independent rental locations with 24/7 support"
American Rent-A-Car,americanrentacar.com,(734) 494-2444,customercare@americanrentacar.com,Romulus MI,Independent Regional,"Michigan-based with locations in MI NC FL VA"
Flexways,flexways.com,,,Los Angeles CA,Independent Regional,"Car sharing/rental with hourly to multi-day options"
Go Rentals,gorentals.com,,,Multi-state,Independent Regional,"Luxury car SUV sports car rentals for business and leisure"
Super Cheap Car Rental,supercheapcar.com,(310) 645-3993,info@supercheapcar.com,Los Angeles / San Francisco CA,Independent Local,"30-year-old company, no hidden fees, no under-25 surcharge"
California Rent A Car,californiarac.com,(310) 477-8080,info@californiarac.com,Los Angeles CA,Independent Local,"Operating since 1999 with Studio Division for production vehicles"
Value Rental Car,rentavaluecar.com,(626) 577-7922,pasadena@rentavaluecar.com,Pasadena / Inglewood CA,Independent Local,"Since 1997, free local pickup/drop-off within 7 miles"
Dirt Cheap Car Rental,dirtcheapcarrental.com,(877) 347-8247,,San Diego CA,Independent Local,"Budget daily/weekly/monthly rentals for students and travelers"
Black & White Car Rental,bwrentacar.com,(310) 337-9999,,Los Angeles CA,Independent Local,"Independent LA-area car rental"
Beverly Hills Car Rental,bhcarrental.com,(310) 448-2018,,Beverly Hills CA,Independent Local,"Luxury and standard vehicle rentals in Beverly Hills"
24Seven Rent A Car,24sevenrentnow.com,(833) 324-7368,,Beverly Hills CA,Independent Local,"24/7 car rental service"
Service Rent-A-Car,servicerentacar.com,(408) 292-6351,,San Jose CA,Independent Local,"Family-owned since 1974, three generations"
State Van Rental,statevan.com,(888) 315-6888,info@statevan.com,Los Angeles CA / Las Vegas NV,Van Specialist,"Since 2009, specializes in passenger vans up to 15-pax"
Discount Hawaii Car Rental,discounthawaiicarrental.com,1-800-292-1930,rentals@discounthawaiicarrental.com,Hawaii (all islands),Independent Local,"Hawaii specialist since 1999, aggregates local deals"
Aloha Rent A Car,aloharentacar.com,1-800-567-4659,,Kahului HI,Independent Local,"Locally-owned since 1975, personal service, Maui-based"
Lucky Owl Car Rental,luckyowl.com,(808) 352-4890,info@luckyowl.com,Honolulu HI,Independent Local,"Since 2012, budget rentals, free airport pickup, accepts debit"
Aloha Rents,aloharents.com,,,Maui / Kauai / Honolulu / Kona HI,Independent Local,"Competitively priced rentals across all major Hawaiian islands"
Cheap Rent-a-Car Hawaii,crchawaii.com,,,Hawaii,Independent Local,"Independent, locally owned and operated for 10+ years"
Akamai Rentals,akamairentals.com,,,Oahu HI,Independent Local,"Woman-owned small business, affordable vehicles"
Little Hawaii Rent A Car,littlehawaiirentals.com,(808) 374-2137,,Hawaii,Independent Local,"Local independent rental"
Waikiki Rental Car,honolulucar.rentals,,,Honolulu HI,Independent Local,"Family-run independent company since 2019"
Hui Car Share,drivehui.com,,,Waikiki / Honolulu HI,Car Sharing,"Car sharing with multiple Waikiki locations"
Ohana Rent A Car,ohanarentalcar.com,(808) 419-7401,,Lahaina HI,Independent Local,"Local Hawaiian car rental"
Maui Jeep Rental,mauijeeprental.com,1-800-292-1930,,Maui HI,Jeep Specialist,"Specializes in soft-top Jeep Wranglers for Road to Hana"
T&T Rentals,ttrentalcars.com,(407) 974-6999,ron@ttrentalcars.com,Orlando FL,Independent Local,"Local Orlando company, no credit card needed for select vehicles"
iRent Car Rental,irentcarrental.com,,,Miami FL,Independent Local,"Affordable rates from $29/day, serves MIA Airport"
Car Travel Florida,flcartravel.com,,,Miami / Orlando / Fort Lauderdale FL,Independent Local,"Bilingual (Spanish/English) rental service"
Exotic Car Rentals Miami,exoticcarrentalsmiami.com,(305) 712-7263,info@exoticcarrentalsmiami.com,Miami FL,Exotic/Luxury,"Luxury/exotic specialist, $395-$1795/day"
Hart Car Rentals,hartcarrentals.com,,,Phoenix AZ,Independent Local,"Founded 2021, sedans to luxury, 1367+ 5-star reviews"
Phoenix Car Rental,phoenixrentalcars.com,,,Phoenix AZ,Independent Local,"No airport fees, accepts cash and debit, weekly/monthly"
A-1 Van Rental,a1vanrental.com,,,Phoenix AZ,Van Specialist,"Since 1982, passenger/cargo/wheelchair-accessible vans"
Winston Car Rentals,winstoncars.net,,,Dallas TX,Independent Local,"Locally owned, family-style car rental"
Metro Rent A Car,metrorentacardfw.com,,,Dallas-Fort Worth TX,Independent Local,"Independent full-service rental near DFW Airport"
Instant Car Rental,instant-car.com,,,Houston TX,Independent Local,"Local small business near George Bush Airport"
Noval Car Rentals,novalcarrentals.com,,,Houston TX,Independent Local,"Luxury car rental with personalized service"
Rideshare Carz,ridesharecarz.com,(972) 781-2277,info@ridesharecarz.com,Garland TX,Rideshare,"Rental cars for gig/rideshare workers, weekly rates from ~$293"
Social Drive,socialdrive.us,,,Austin TX,Independent Local,"Wide vehicle range, online booking, local service"
Austin Rental Car,austinrentalcar.com,,,Austin TX,Independent Local,"Personalized recommendations, local partnerships"
Geaux Elite Auto Rentals,geauxeliteautorentals.com,,,Austin TX,Independent Local,"Affordable, reliable, hassle-free rentals"
Horizon Rental Cars,horizonrentalcars.com,,,Houston TX,Independent Local,"Independent and local car rental in Houston"
Cars on the Go,carsonthego.com,,,El Paso TX / Southern NM,Independent Local,"Affordable car rentals in the El Paso/Southern NM region"
Carolina Rent a Car,carolinarentacar.com,(704) 596-6008,,Charlotte NC,Independent Local,"Family-owned since 1998, largest independent van rental in Carolinas"
Community Rental Car,communityrentalcar.com,(336) 448-2905,,Winston-Salem NC,Independent Local,"Family-owned, cash/debit rentals, under-25 drivers accepted"
Revit Rent-A-Car,revitrentacar.com,(843) 547-3500,,North Charleston SC,Independent Local,"Local company specializing in Toyota vehicles, est. 2020"
Savannah Car Rentals,savannahcarrentals.com,(912) 920-5431,,Savannah GA (5 locations),Independent Local,"Georgia's premier vehicle rental, price match guarantee"
Budget Car and Truck Rental of Atlanta,budgetatl.com,800-404-8033,,Atlanta GA (12 locations),Independent Local,"Independent Budget licensee since 1977, largest in US"
Five Guys Car Rentals,fiveguycarrentals.com,,,Detroit MI,Independent Local,"Affordable rates, compact cars to SUVs"
Pristine Car Rental,pristinecarrental.com,(734) 629-5076,,Detroit MI,Independent Local,"Michigan car rental"
Peter Fuller Rentals,peterfuller.com,(617) 926-7511,,Watertown MA,Independent Local,"Family-owned since 1974, serves Boston Metro"
Boston Auto Rental,autorentalboston.com,,,Boston MA,Independent Local,"Affordable rentals in the heart of Boston"
Affordable Rent-A-Car And Sales,affordablerentacarandsales.com,(801) 266-7368,,Salt Lake City UT,Independent Local,"Family-owned, compact to luxury, also vehicle sales"
Rugged Rental & Sales,ruggedrental.com,(801) 977-9111,,Salt Lake City UT (3 locations),Independent Local,"Pickup trucks SUVs passenger vans, UDOT-certified winter tires"
Discount Rent a Car,adiscountrental.net,(801) 901-8788,,Salt Lake City UT,Independent Local,"Family-owned since 1992, cash/debit accepted"
International AutoSource,intlauto.com,(516) 496-1816,info@intlauto.com,Woodbury NY,Specialty,"Vehicle leasing for expats/diplomats since 1963"
EconoCar Club,econocarclub.com,(201) 434-0254,,Northern/Central NJ (8 locations),Independent Local,"Cars trucks vans SUVs, over 30 years, accepts cash"
Simple Van and Car Rental,simplenj.com,(201) 355-2525,,Palisades Park NJ,Van Specialist,"Minivans passenger vans Sprinter vans, since 2009, no mileage restrictions"
Just Four Wheels,just4wheels.com,,,New Jersey / Philadelphia area,Independent Local,"Brand-new vehicles from Ford Nissan Toyota Hino"
Christy's Car & Truck Rental,christysauto.com,(401) 944-9800,,Johnston RI,Independent Local,"Rhode Island's only locally owned car/truck rental, since 1972"
Landbird,rentlandbird.com,1-866-625-6007,info@rentlandbird.com,Waltham MA (11 locations),Van Specialist,"Passenger van specialist (10-15 pax), since 1989"
Reyes Car Rentals,reyescarrentals.com,,,Massachusetts / Rhode Island,Independent Local,"Affordable weekly and long-term rentals, no deposit"
AmeriGo Car & RV Rentals,amerigocarandrvrentals.com,1-844-263-7440,info@amerigorentals.com,Frederick MD,Independent Local,"Cars SUVs cargo/passenger vans Class C motorhomes"
DARCARS Rental,darcars.com,,,Maryland / New Jersey / Virginia,Independent Local,"Dealership-based rentals across the Eastern Seaboard"
Dollard Rental Company,dollardrental.com,(202) 699-5869,info@dollardrental.com,Washington DC,Independent Local,"Sedans SUVs vans trucks, serves DC MD VA"
United Auto Rentals,unitedautorentals.com,(508) 260-0094,info@unitedautorentals.com,Indianapolis IN,Independent Local,"Reliable affordable car rentals, economy to luxury, 24/7 support"
Acar Auto Rental,acarrental.com,(218) 722-4181,office@acarrental.com,Duluth / Hibbing / Grand Rapids MN,Independent Local,"Locally-owned 30+ years, collision replacement specialist"
E-Z Auto Rental,ezautorentalmemphis.com,(901) 744-8787,,Memphis TN,Independent Local,"No credit card needed, accepts cash, wide vehicle selection"
Pro Rent-a-Car,prorentacar.com,(865) 312-6200,,Alcoa / Johnson City TN,Independent Local,"Corporate vacation insurance replacement, rents to under-25"
Paragon Car & Van Rental,paragonautorental.com,(773) 622-7660,,Chicago IL,Independent Local,"Family-owned, economy to 15-pax vans, cash/debit accepted"
Oscar Car Rental,driveoscar.com,,,Wisconsin (49+ locations),Independent Local,"Local company rated 4.6 on Trustpilot"
Crown Auto Rentals,crownautorentals.com,,,Madison WI,Independent Local,"Locally owned, Tesla hybrid sedan rentals, delivery available"
Mike Albert Rental,mikealbertrental.com,,,Cincinnati OH,Independent Local,"Daily weekly corporate rentals, work trucks vans pickups"
Economy Car Rental Tulsa,rentacartulsa.com,(918) 835-0099,,Tulsa OK,Independent Local,"Budget car rental, cash accepted, no credit check"
Budget Car and Truck Rental of Nebraska,budgetnebraska.com,800-404-8033,,Nebraska (7 locations),Independent Local,"Independent Budget licensee since 1962"
Vern Eide Auto Rentals,verneiderentals.com,(605) 349-1222,,Sioux Falls SD (3 locations),Independent Local,"Locally owned, compacts to 15-pax vans, unlimited mileage option"
Black Hills Car Rentals,blackhillscarrental.net,(605) 342-6696,,Rapid City SD,Independent Local,"Late-model cars minivans SUVs pickups, free airport/hotel pickup"
Fargo Car Rental,fargocarrental.com,,,Fargo ND,Independent Local,"Local operator with two-way auto start for ND winters"
Journey Rent-A-Car,journeyrentacar.com,(406) 551-2277,,Belgrade MT,Independent Local,"Locally owned, affordable AWD/4WD for Yellowstone area"
Explore Rentals,explore-rentals.com,,,Bozeman MT,Independent Local,"Bozeman's original 4WD rental and outdoor gear, since 2010"
Yellowstone Rent A Car,yellowstonerentacar.com,(406) 312-1303,info@YellowstoneRentACar.com,Belgrade MT,Independent Local,"Locally owned, curbside delivery AWD vehicles snow tires"
Big Sky Car Rentals,bigskymontananet.com,,,Big Sky MT,Independent Local,"Nearly-new 4WD vehicles seating 7, Bozeman Airport pickup"
Peak Drive,peakdrive.us,,,Montana / Wyoming,Independent Local,"Passenger vans SUVs trucks for MT/WY travel"
Ribik Car Rental,ribik.com,,,Garden City / Boise ID,Independent Local,"AWD/4WD SUVs trucks vans sedans, 5.0-star rating, delivery"
Motion Rent A Car,motionrentalcars.com,(970) 376-4885,info@motionrentalcars.com,Avon CO (24+ CO locations),Independent Local,"Luxury/AWD 4x4 rentals delivered to ski resorts across Colorado"
Mile High Car Rental,milehighcarrental.com,,,Denver CO,Independent Local,"Specializes in 4WD SUV rentals for Colorado mountain driving"
Colorado CarShare,carshare.org,,,Denver / Boulder CO,Car Sharing,"Nonprofit car sharing since 1997, from $5.50/hour"
Trifecta Car Rentals,trifectacarrentals.com,(702) 701-0568,support@trifectacarrentals.com,Las Vegas / Henderson NV,Independent Local,"Family-owned, Tesla rentals, no hidden fees"
Alaskan Car Rental,alaskancarrental.com,(907) 339-2000,info@alaskancarrental.com,Anchorage AK (7 locations),Independent Local,"Family-owned, unlimited mileage, 24/7 roadside"
Alaska 4x4 Rentals,alaska4x4rentals.com,(907) 290-0064,reservations@alaska4x4rentals.com,Anchorage / Fairbanks AK,Independent Local,"100% Alaskan-owned, new 4WD vehicles, gravel road travel allowed"
Midnight Sun Car Rentals,ineedacarrental.com,,,Anchorage AK,Independent Local,"Anchorage's #1 choice since 1998, specializes in vans"
Caribou Auto Rentals,caribouautorentals.com,(907) 205-4635,,Anchorage AK,Independent Local,"24/7/365 contactless pickup, free airport shuttle"
Juneau Car Rental Company,juneaucarrentalcompany.com,(907) 957-7530,,Juneau AK,Independent Local,"Locally owned, Alaska's Capital Car Rental Company"
GoNorth Alaska,gonorth-alaska.com,,,Anchorage / Fairbanks AK,Independent Local,"Car rentals RV/truck camper rentals and planned road trip packages"
Neat Car Rental,neatcarrental.com,(425) 504-5040,info@neatcarrental.com,Bellevue / Seattle WA,Independent Local,"Affordable car sharing, SUVs vans economy, delivery available"
Turo,turo.com,(714) 834-0470,,San Francisco CA,Peer-to-Peer,"Largest P2P car rental marketplace, est. 2009, ~1263 employees"
Getaround,getaround.com,(866) 438-2768,,San Francisco CA,Peer-to-Peer,"P2P car-sharing, 200K+ members, hourly rentals from $5/hr"
Zipcar,zipcar.com,1-866-494-7227,support@zipcar.com,Boston MA,Car Sharing,"Membership-based car sharing, hourly/daily, 500+ cities"
Kyte,kyte.aero,,support@kyte.com,San Francisco CA,Car Sharing,"On-demand car delivery rental, est. 2019, 14 US cities"
HyreCar,hyrecar.com,,,Los Angeles CA,Rideshare,"P2P platform specifically for rideshare and delivery drivers"
Mobi,drivemobi.com,,,Multi-city (10+ cities),Rideshare,"P2P carsharing for gig work (Uber DoorDash Amazon Flex)"
Drivsy,drivsy.co,,,17 US states,Peer-to-Peer,"Affordable P2P rentals with insurance and 24/7 support"
Flexcar,flexcar.com,,business@flexcar.com,Boston MA,Subscription,"Month-to-month car subscription, zero down, cancel anytime"
Flexdrive (by Lyft),flexdrive.com,,,24 locations in 15 states,Subscription/Rideshare,"Flexible vehicle solutions for rideshare drivers"
DriveShare (by Hagerty),driveshare.com,,support@driveshare.com,Nationwide,Classic Car P2P,"Peer-to-peer classic car rental platform backed by Hagerty insurance"
Classic Car Club Manhattan,classiccarclubmanhattan.com,(212) 229-2402,,New York NY,Classic Car,"Private membership club with Ferraris Aston Martins muscle cars"
Barlow Adventures,barlowadventures.com,,,Ouray CO,Jeep/Off-Road,"Jeep and off-road vehicle rentals in Colorado San Juan Mountains"
Farabee Jeep Rentals,farabeejeep.com,,,Moab UT,Jeep/Off-Road,"Jeep Wrangler specialists for Moab off-road trails"
UFODRIVE,ufodrive.com,,contact@ufodrive.com,Austin TX / LA / NYC / SF,EV Rental,"Fully electric smartphone-based car rental from $60/day"
Envoy Technologies,envoytech.com,,,Los Angeles CA,EV Sharing,"EV-as-a-service for apartment communities hotels and commercial properties"
Blink Mobility,blinkmobility.com,,,Los Angeles CA,EV Sharing,"Electric vehicle sharing service in Southern California"
MobilityWorks,mobilityworks.com,,,Nationwide,Accessible,"Leading dealer and renter of wheelchair-accessible vans"
Wheelchair Getaways,wheelchairgetaways.com,,,Nationwide,Accessible,"Nation's largest selection of wheelchair van rentals"
Cinema Vehicles,cinemavehicles.com,(818) 780-6272,contact@cinemavehicles.com,North Hollywood CA / Atlanta GA,Film Production,"Largest supplier of customized vehicles for film TV commercials"
Star Picture Cars,starpicturecars.com,(512) 585-5245,matt@starpicturecars.com,Austin TX,Film Production,"Vintage vehicles for film TV events, 200+ movies served"
EagleRider,eaglerider.com,,,Los Angeles CA (150+ locations),Motorcycle/Adventure,"World's largest motorcycle rental and tour company since 1992"
Bandago,bandago.com,(866) 868-7826,,15 US cities,Van Specialist,"Premium passenger van rental, 100% employee-owned since 2003"
Avanti Campervans,avanticampervans.com,(774) 728-2684,service@avanticampervans.com,9 US cities,Campervan,"Family-owned campervan rentals, sleeps 2 seats 4"
Cruise America,cruiseamerica.com,(800) 671-8042,,110+ US locations,RV Rental,"Largest RV rental company in North America, 50+ years"
United Van Rentals,unitedvanrentals.com,,,Orange County / LA / San Diego / Las Vegas,Van Specialist,"Premium passenger van rental"
Wandervans,wandervans.com,,,9 locations (ID OR SC WA MN MT UT CA),Campervan,"Campervan rentals with trip planning and consignment program"
Outdoor AdVANtures,outdooradvantures.com,,,Evergreen CO / Phoenix / SLC,Campervan,"Campervan rental with outdoor gear, free CO State Parks entry"
Eon Rides,eonrides.com,,,US,EV Rental,"Tesla and EV subscriptions/rentals for travelers and students"
Premier Truck Rental,rentptr.com,,,Fort Wayne IN,Truck/Van,"Family-owned 30+ years, nationwide truck/trailer fleet"
City Rent a Truck,cityrentatruck.com,,,Houston TX,Truck/Van,"Family-owned commercial truck/van rental, nationwide delivery"
Airport Van Rental,airportvanrental.com,(702) 614-0000,,Los Angeles CA,Van Specialist,"Pioneer in van rental in CA and NV"
Dream Exotics,dreamexoticrentalcars.com,(888) 362-7791,,Las Vegas NV,Exotic/Luxury,"Claims largest exotic fleet in Las Vegas"
Royalty Exotic Cars,royaltyexoticcars.com,(855) 941-0335,sales@royaltyexoticcars.com,Las Vegas NV / Scottsdale / LA,Exotic/Luxury,"Hand-selected vehicles with in-house maintenance, founded 2015"
VP Exotic Car Rental,vpexoticcarrental.com,,,Las Vegas NV,Exotic/Luxury,"Airport delivery and concierge service"
Vegas Exotic Car Rentals,lvcexotics.com,(702) 586-0008,,Las Vegas NV,Exotic/Luxury,"Lamborghini Ferrari Rolls-Royce rentals"
Sin City Car Rental,sccrlasvegas.com,,,Las Vegas NV,Exotic/Luxury,"Luxury exotic and performance vehicles"
777 Exotics,777exotics.com,(310) 683-4777,,Los Angeles CA,Exotic/Luxury,"Near LAX and Beverly Hills"
Monza Exotics,monzaexotics.com,(949) 500-0142,,Los Angeles / Orange County CA,Exotic/Luxury,"LA and OC exotic car rental"
First Class Exotics,firstclassexotics.com,(949) 294-5958,,Costa Mesa CA,Exotic/Luxury,"Orange County exotic rentals"
California Exotic Car Rental,caexoticcars.com,(888) 352-6307,,San Diego CA,Exotic/Luxury,"Southern California exotic fleet"
San Diego Prestige,sandiegoprestige.com,(858) 551-6001,,San Diego CA,Exotic/Luxury,"Luxury sports exotic cars and yachts"
Napa Valley Supercars,napavalleysupercars.com,(707) 927-2014,,Napa CA,Exotic/Luxury,"Wine country supercar experiences"
Peacock Rentals,peacock-rentals.com,(714) 823-8235,info@peacock-rentals.com,Orange County CA / LA / Miami / Vegas,Exotic/Luxury,"Multi-city exotic/luxury/classic car rental"
Diamond Exotic Rentals,diamondexoticrentals.com,1-888-406-2099,,Los Angeles CA,Exotic/Luxury,"LA exotic car rental"
Club Sportiva,clubsportiva.com,,,San Francisco Bay Area CA,Exotic/Luxury,"Enthusiast membership club, managed exotic car services"
SD Exotic Rentals,sdexoticrentals.com,,,San Diego CA,Exotic/Luxury,"Exotic cars and private yacht charters"
Rent Exotics,rentxotic.com,(858) 263-9113,,San Diego CA,Exotic/Luxury,"San Diego exotic car rental"
mph club,mphclub.com,(888) 674-4044,info@mphclub.com,Miami Gardens FL,Exotic/Luxury,"Nation's largest exotic/luxury rental collection"
Gotham Dream Cars,gothamdreamcars.com,(877) 246-8426,info@gothamdreamcars.com,Teaneck NJ / Multi-city,Exotic/Luxury,"Multi-city exotic car rental and driving experiences"
Cloud 9 Exotics,cloud9exotics.com,(800) 673-9900,,Naples FL / NYC,Exotic/Luxury,"Exotic car rental in FL and NY"
American Luxury Auto Rental,americanluxuryrental.com,(305) 871-7700,,Miami FL,Exotic/Luxury,"Luxury auto rentals"
Orlando Exotic Car Rentals,orlandoexoticcarrentals.com,(888) 998-4077,,Orlando FL,Exotic/Luxury,"Exotic rentals in Orlando"
Figo Luxury,figoluxury.com,(239) 308-5660,,Naples FL,Exotic/Luxury,"Luxury vehicle rentals"
Instant Luxury Rentals,instantluxuryrentals.com,(877) 736-8553,,Fort Lauderdale FL,Exotic/Luxury,"Nationwide exotic/luxury rentals"
Auto Boutique Rental,autoboutiquerental.com,(305) 531-7990,,Miami FL,Exotic/Luxury,"Boutique luxury car rental"
Sarasota Motor Club,sarasotamotorclub.com,(941) 297-3318,,Sarasota FL,Exotic/Luxury,"Local exotic car rental"
Zero to Sixty Club,zerotosixtyclub.com,(407) 901-0260,,Orlando FL,Exotic/Luxury,"Exotic car experiences"
Dynasty Luxury Rentals,dynastyluxuryrentals.com,,,Miami / Orlando FL / LA CA,Exotic/Luxury,"Multi-city luxury and exotic rentals"
Prestige Luxury Rentals,prestigeluxuryrentals.com,,,Miami FL / Atlanta GA / New Jersey,Exotic/Luxury,"Multi-state luxury rentals"
Uptown Exotics,uptownexotics.com,(713) 784-8400,,Houston TX,Exotic/Luxury,"Houston exotic car rental"
Carbon Auto Group,carbonautogroup.com,(800) 996-1960,,Houston TX,Exotic/Luxury,"Luxury/exotic rentals in Houston"
EliteX Rentals,elitexrentals.com,(214) 466-2131,,Dallas TX,Exotic/Luxury,"Dallas exotic car rental"
Black Label Exotics,blacklabelexotics.com,(469) 663-5465,,Dallas TX,Exotic/Luxury,"Luxury exotic rentals in Dallas"
Roma Exotics,romaexoticrentals.com,,,Dallas TX,Exotic/Luxury,"BMWs Porsches Corvettes and more"
MTB Exotics,mtbexotics.com,,,Dallas / Fort Worth TX,Exotic/Luxury,"Lamborghini Porsche McLaren"
Royal Exotics USA,royalexoticsusa.com,,,Houston TX,Exotic/Luxury,"Lamborghini Bentley McLaren specialist"
Veluxity Exotic Car Rental,veluxityexoticcarrental.com,,,NYC / NJ / CT,Exotic/Luxury,"Largest and newest fleet in NYC area"
Signature Car Collection,signaturecarcollection.com,,,NYC / NJ / CT / PA,Exotic/Luxury,"East Coast luxury and exotic fleet"
Ivan Exotics,ivanexotics.com,(646) 633-0008,,Long Island NY,Exotic/Luxury,"Exotic car rental on Long Island"
77 Rides,77rides.nyc,(212) 641-0077,,New York City NY,Exotic/Luxury,"NYC exotic car rental"
Long Island Exotic Cars,longislandexoticcars.com,(516) 376-7930,,Long Island NY,Exotic/Luxury,"Long Island exotic rentals"
Apex Exotics NYC,apexexoticsnyc.com,1-800-799-7918,,New York City NY,Exotic/Luxury,"NYC exotic car rental"
BluStreet Jersey,blustreetjerseycity.com,,,Jersey City / Newark NJ,Exotic/Luxury,"50+ luxury and exotic vehicles"
Monaco Experiences,monacoexperiences.com,,,NJ / NYC / multi-city,Exotic/Luxury,"Specializes in weddings and luxury events"
Denver Luxury Car Rental,denverluxurycarrental.com,(720) 394-1605,,Denver CO,Exotic/Luxury,"Denver luxury/exotic rentals"
DS Luxury,dsluxury.com,(844) 364-4653,,Chicago IL,Exotic/Luxury,"Chicago luxury car rental"
Boston Exotic Rentals,bostonexoticrentals.com,(857) 416-9307,,Boston MA,Exotic/Luxury,"Boston exotic car rental"
Bluebell Exotics,bluebellexotics.com,,,Boston MA,Exotic/Luxury,"Rolls-Royce Bentley Lamborghini chauffeur services"
Imagine Lifestyles,imaginelifestyles.com,(866) 436-3514,,Philadelphia PA,Exotic/Luxury,"Luxury lifestyle car rental"
MVP Charlotte,mvpcharlotte.com,(704) 208-4104,,Charlotte NC,Exotic/Luxury,"Charlotte exotic rental"
MVP Atlanta,mvpatl.com,(678) 975-8183,,Atlanta GA,Exotic/Luxury,"Atlanta exotic car rental"
MVP Miami,mvpmiami.com,(305) 432-7688,,Miami FL,Exotic/Luxury,"Exotic/luxury car rentals"
Buckhead Exotic Rentals,buckheadexoticrentals.com,,,Atlanta GA,Exotic/Luxury,"Atlanta-area exotic rentals"
ATL Exotic & Luxury Car Rentals,atlexoticrentals.com,,,Atlanta GA,Exotic/Luxury,"24/7 chauffeur service with exotic fleet"
East Coast Exotics,exoticcarsraleigh.com,(919) 948-9519,,Raleigh NC,Exotic/Luxury,"Raleigh exotic car rental"
Greenville Exotic Rentals,greenvilleexoticrentals.com,(864) 558-8080,,Greenville SC,Exotic/Luxury,"South Carolina exotic rentals"
NSP Exotics,nspexotics.com,(301) 907-1300,,Georgetown DC,Exotic/Luxury,"DC-area exotic car rental"
Premier Luxury Club,premierluxuryclub.com,(623) 418-2036,,Paradise Valley AZ,Exotic/Luxury,"Arizona luxury car rental"
ONYX Rentals,onyx-rentals.com,(385) 644-1234,,Salt Lake City UT,Exotic/Luxury,"Utah exotic/luxury rentals"
Honolulu Exotics,honoluluexotics.com,(808) 927-4593,,Honolulu HI,Exotic/Luxury,"Hawaii exotic car rental"
Zadart,zadart.com,,,Seattle WA,Exotic/Luxury,"Premier PNW exotic/luxury boutique, 15+ vehicles"
Seattle Exotic Rentals,seattleexoticrentals.com,,,Seattle WA,Exotic/Luxury,"Premier Seattle exotic and luxury rental"
Paladin Exotics,rentpaladin.com,,,Seattle / Bellevue / Kirkland WA,Exotic/Luxury,"White-glove delivery McLaren Bentley Porsche"
LuXcar,luxcarseattle.com,,,Seattle WA,Exotic/Luxury,"Flexible luxury rentals, airport valet at SEA"
Luxury Car Rental USA,luxurycarrentalusa.com,(888) 406-2099,,Miami / NYC / LA / Orlando / Houston / Vegas,Exotic/Luxury,"Premium/exotic vehicle delivery to home office or airport"
DRIVAR,drivar.us,,,12+ US cities,Exotic/Luxury,"1000+ luxury and sports cars across multiple cities"
Starr Luxury Cars,starrluxurycars.com,,,Seattle and other US cities,Exotic/Luxury,"Luxury and prestige car hire"
Majestic Rentals LLC,majesticrentals.org,(205) 882-3744,info@majesticrentals.org,Birmingham AL,Independent Local,"Local car rental serving the Birmingham metro area"
SOW Auto Rentals,sowautorentals.com,(205) 578-8906,support@sowautorentals.com,Birmingham AL,Independent Local,"Independent car rental in Birmingham area"
McCurry Van & Car Rental,carrentalhuntsvilleal.com,(256) 713-0575,,Huntsville AL,Independent Local,"Affordable car van truck rentals serving Huntsville Athens Muscle Shoals"
Mitchell Nissan Rental Car,mitchellnissan.com,(334) 347-9567,,Enterprise AL,Independent Local,"Dealership-affiliated rental serving Enterprise AL"
Cascadian Car Rental,cascadiancarrental.com,(256) 289-7833,,Huntsville AL,Independent Local,"Daily and weekly rentals with airport pick-ups"
U-Save Car Rental Hot Springs,usavehotsprings.com,(501) 525-3737,,Hot Springs AR,Independent Local,"Independent car and truck rental in Hot Springs"
Cornerstone Car Rentals,,,(501) 351-3589,Little Rock AR,Independent Local,"Local car rental in Little Rock"
Alliance Rentals & Sales,arsrentals.com,,,Fayetteville AR,Independent Local,"Vehicle rental and sales with lowest price guarantee"
CTC VIP Car Rental,ctcvipcarrental.com,(860) 775-6117,,Bloomfield CT,Independent Local,"Luxury and affordable car rentals in the Hartford area"
Lady Liberty Car and Truck Rental,ladylibertycarandtruck.com,(302) 510-4168,reigncarandtruck@comcast.net,Wilmington DE,Independent Local,"Local car and truck rental serving Wilmington area"
Boise Auto Rentals,boiseautorentals.com,(208) 391-3724,nick@boiseautorentals.com,Meridian ID,Independent Local,"Daily weekly long-term rentals with airport pickup and luxury options"
ABC Auto Van & RV Rental,abcvanrental.com,(260) 657-5122,,Harlan IN,Independent Local,"Family-owned since 1979 car/van/RV rental serving Fort Wayne Indianapolis"
Doorstep Drive,doorstepdrive.com,(812) 807-6070,,Evansville IN,Independent Local,"Affordable car rental with free pickup within Evansville 24-hour availability"
Illiana Rent-A-Car,illianaautorentals.com,(219) 900-4200,,Indiana,Independent Local,"Independent car rental agency 5.0-star rated"
Great Western Car and Van Rental,greatwesternrentals.com,(712) 255-5304,dennisb@greatwesternsc.com,Sioux City IA,Independent Local,"Over 30 years affordable car/van/truck rentals with free pickup"
Kansas Affordable Car Rental,ksrentalcar.com,(913) 608-9599,Customerservice@ksrentalcar.com,Overland Park KS,Independent Local,"Flexible daily/weekly/monthly rentals with airport pickup"
Car Rental Kansas City LLC,carrentalkansascityllc.com,(913) 938-3488,info@carrentalkansascityllc.com,Olathe KS,Independent Local,"Affordable rentals starting at $40/day economy cars sedans SUVs"
Noller Rentals,nollerautogroup.com,(785) 235-9211,,Topeka KS,Independent Local,"Cars trucks SUVs and Class A RVs for business and leisure"
Budget Car and Truck Rental of KC,budgetkc.com,(800) 404-8033,,Kansas City KS,Independent Local,"Independent Budget licensee serving KC since 1963 including EVs"
BMC Auto Rental,bmcauto.com,(859) 431-8500,RENTME@BMCAUTO.com,Newport KY,Independent Local,"Full-service rental with insurance rental specialist 20+ years"
A Priority One LLC,apriority1rentalcar.wixsite.com,(504) 827-2900,,New Orleans LA,Independent Local,"Family-owned rental car agency serving New Orleans since 2001"
Star Car Rental Maine,starcarrentalmaine.com,(207) 888-4911,,Saco ME,Independent Local,"Reliable local car rental with clean dependable vehicles"
A Car Rental Pro,acarrentalpro.com,(240) 303-3712,info@acarrentalpro.com,Columbia MD,Independent Local,"Affordable 24-hour car rental for travelers professionals rideshare drivers"
Towson Economy Auto Rental,towsoneconomyautorental.com,(410) 828-1003,,Towson MD,Independent Local,"Hassle-free compact/mid/full-size rentals in Baltimore area since 1995"
Awesome Auto Group,awesomeautorentals.com,(301) 772-2500,,Lanham MD,Independent Local,"Daily/weekly/monthly rentals from $29.95/day plus rent-to-own programs"
Star Car Rental Worcester,starcarrent.com,(508) 244-5103,Info@508Driven.com,Worcester MA,Independent Local,"Budget-friendly rentals including options for underage drivers"
AMC Enterprises LLC,amcautorentals.com,(508) 505-5500,amcautorentals@gmail.com,West Boylston MA,Independent Local,"Family-owned sedans minivans passenger vans daily/weekly/monthly"
Affordable Rentals Nantucket,affrentals.com,(508) 313-9313,rental@affrentals.com,Nantucket MA,Independent Local,"Family-owned 35+ years Jeep car Bronco convertible rentals on Nantucket"
Nantucket Island Rent-A-Car,nantucketislandrentacar.com,(508) 228-9989,,Nantucket MA,Independent Local,"Premier year-round auto rental at Nantucket Airport"
Windmill Auto Rental,,,(508) 228-1227,Nantucket MA,Independent Local,"Voted Best of Nantucket since 1970 clean new cars and Jeeps"
Cape Cod Jeep Rentals (Platinum Auto),platinumautoservice.com,(508) 694-5030,,South Yarmouth MA,Independent Local,"Enhanced Jeep Wrangler rentals for Cape Cod experiences"
Trek Rent A Car,,,(508) 771-2459,Hyannis MA,Independent Local,"Cape Cod rental since 1979 passenger vans compact mid-size full-size"
Martha's Vineyard Auto Rentals,mvautorental.com,(508) 696-5300,,Oak Bluffs MA,Independent Local,"Island vehicle rental with premium fleet across 3 locations"
Pelham's Auto Sales & Car Rental,pelhamsautosales.com,(517) 265-0042,,Adrian MI,Independent Local,"Multi-service business offering auto sales and car rentals"
HOURCAR & Evie,hourcar.org,(802) 861-2340,,Twin Cities MN,Car Sharing,"Minnesota's nonprofit carsharing network with EVs from $10.40/hr"
Branson Auto Rentals,bransonautorentals.com,(417) 339-3304,,Branson MO,Independent Local,"Family-owned daily car rental serving Branson tourist area since 1997"
Rent-A-Ride Auto,rentarideauto.com,,,St Louis MO,Independent Local,"Affordable economy and SUV rentals with airport/hotel delivery"
RENTAVAN,,(402) 421-3400,,Lincoln NE,Independent Local,"BBB A+ rated car and van rental serving Lancaster County"
Lee Brothers Automotive,,(775) 322-6937,,Reno NV,Independent Local,"Used/new car dealer also offering auto rentals in Reno BBB A+"
VSSR,vssr.com,(702) 907-8477,,Las Vegas NV,Independent Local,"Independent car rental in central Las Vegas"
Route 66 Car & Van Rental,,(702) 369-5642,,Las Vegas NV,Independent Local,"Car and van rental service in Las Vegas"
North Country Auto Rental,,(603) 448-0538,,Lebanon NH,Independent Local,"Local car rental serving the Upper Valley/Lebanon area"
Sensible Car & Truck Rental,sensiblecarandtruckrental.com,(201) 437-7277,,Bayonne NJ,Independent Local,"Cars SUVs minivans cargo vans moving trucks equipment rentals"
Auto France Inc,autofrance.net,(800) 572-9655,,Wood Ridge NJ,Specialty,"Specializes in Peugeot vehicle rentals/leases for US residents in Europe"
Ruidoso Rent-A-Car,,(575) 630-0446,,Ruidoso NM,Independent Local,"Local car rental serving the Ruidoso resort/mountain area"
AAMCAR Rentals,aamcar.com,(212) 222-8500,info@aamcar.com,New York NY,Independent Local,"Family-run NYC rental 150+ cars 40+ vans operating 25+ years"
SNA Auto Rental,snaautorental.com,(844) 408-0400,info@snaautorental.com,Newport Beach CA,Independent Local,"Family-owned near John Wayne Airport economy to luxury no underage fees"
Triangle Rent A Car,,(910) 251-9812,,Wilmington NC,Independent Local,"Local car rental in Wilmington"
Easy Auto Rentals,,(919) 809-7876,,Raleigh NC,Independent Local,"Affordable car rental serving Wake County BBB A+"
Bel-Aire Used Car Rentals,,(336) 722-1868,,Winston-Salem NC,Independent Local,"Used car rental service in Winston-Salem"
Economy Car Rental Newton,,(828) 465-3260,,Newton NC,Independent Local,"Local economy car rental near Hickory in western NC"
Retro Auto Rentals and Sales,,(910) 333-2795,,Jacksonville NC,Independent Local,"Car rental and sales near Camp Lejeune military base"
Rent-A-Wreck Parma,rentawreck.com,(216) 351-1840,,Parma OH,Independent Local,"Budget car rental franchise serving Cleveland/Akron metro BBB A+"
Mill Creek Auto Sales,,(330) 792-5580,,Youngstown OH,Independent Local,"Auto sales and rental in Youngstown BBB A+"
A & A Auto Rental,,(405) 948-1616,,Oklahoma City OK,Independent Local,"Independent car rental on OKC's west side"
Rent A Ride OKC,,(405) 245-0153,,Oklahoma City OK,Independent Local,"Local car rental in east Oklahoma City"
America Auto Rental & Sales,,(405) 237-3355,,Oklahoma City OK,Independent Local,"Car rental and sales in south OKC BBB A+ serves multiple counties"
Vans To Go,,(580) 280-2525,,Lawton OK,Van Specialist,"Van and vehicle rental near Fort Sill BBB A+"
Motorvana,motorvana.com,(503) 715-5810,,Portland OR,Independent Local,"RV and vehicle rental platform competitive pricing BBB A+ 4.7 rating"
Withnell Car Rental,,(503) 316-1300,,Salem OR,Independent Local,"Car rental and car wash in Salem"
We Rent Cars & Trucks,werentcars.co,(412) 367-3131,info@werentcars.co,Pittsburgh PA,Independent Local,"Locally-owned since 1992 replacement cars visitor rentals cargo vans"
Kulp Car Rentals,kulpcarrentals.com,1-877-585-7227,,Pennsylvania (Lehigh Valley),Independent Local,"Independent Pennsylvania car rental with online reservations"
Best Rent A Car,bestrentacar.us,(864) 877-1414,,Greenville SC,Independent Local,"Full-spectrum vehicle rental with complimentary airport pick-up"
Adrenaline Luxury Rentals,adrenalineluxuryrentals.com,,,Nashville TN,Exotic/Luxury,"Locally-owned boutique rental firm specializing in luxury vehicles"
Dream Toy Garage,dreamtoygarage.com,,,Nashville TN,Exotic/Luxury,"Premier exotic car rental with daily rates from $299"
EBC Auto Haus,ebcautohaus.com,,Edward@EBCautohaus.com,Nashville TN,Exotic/Luxury,"Premium auto service offering luxury car detailing and exotic rentals"
McGregor Rentals,mcgregor-rentals.com,(865) 680-3295,,Knoxville TN,Independent Local,"Locally-owned rental car business in Knoxville"
NealCo Rentals,nealcorentals.com,(865) 399-5288,,Knoxville TN,Independent Local,"Locally-owned rental business with strong local reputation"
Chatt Town Auto Rentals,chatttownautorentals.com,,,Chattanooga TN,Independent Local,"Short-term and long-term car rentals serving Chattanooga"
CarShare Vermont,carsharevt.org,(802) 861-2340,info@carsharevt.org,Burlington VT,Car Sharing,"Membership-based vehicle sharing with 20+ pod locations including EVs"
Flow Rentals,flowrentalsva.com,(804) 626-9357,,Richmond VA,Independent Local,"Virginia's trusted car rental rated 4.8/5 with 79 reviews"
Icon Car Rentals,iconcarrentals.com,(804) 269-5917,Iconcarrentals1@gmail.com,Henrico VA,Independent Local,"Easy affordable car rentals in Richmond clean reliable vehicles"
High River Rentals,spokanerentalcar.com,,,Spokane WA,Independent Local,"Leading local car rental in Spokane with free cancellations"
Luv Enterprises LLC,luvcars.us,(304) 853-3005,admin@luventerprisesllc.us,Charleston WV,Independent Local,"24/7 pickup car rental with delivery to Yeager Airport"
Kompelling Kars,kompelling.com,(920) 403-0757,,Green Bay WI,Independent Local,"Owner-operated rental with fast contactless experience across Wisconsin"
Leisure Sports Adventure Rentals,leisuresportsadventure.com,(307) 733-3040,JHfun.rentals@gmail.com,Jackson WY,Independent Local,"Locally-owned Jeep SUV 15-passenger van rentals plus outdoor gear"
Jackson Hole Adventure Rentals,jhadventure.com,(307) 733-5678,,Jackson WY,Independent Local,"Highly-rated (4.8/5 484 reviews) local SUVs and sleds rental"
Charlie Car Rental,charliecars.com,(787) 728-2418,,San Juan PR,Independent Local,"Only local company with 4-star rating in PR founded 1982"
Reyes Rentals PR,reyesrentalspr.com,(787) 980-3010,reyesrentals@gmail.com,San Juan PR,Independent Local,"Puerto Rican-owned car rental with free airport delivery"
Target Rent A Car,targetrentacar.com,(787) 257-8452,,San Juan PR,Independent Local,"Established 1980 offering economy cars to dump trucks to golf carts"
Miles Car Rental,milescarrental.com,(786) 270-2001,info@milescarrental.com,Miami FL,Aggregator,"Aggregator with 10+ years across 23+ countries rates from $8/day"
Key West Electric Cars,keywestelectriccars.com,(509) 550-0409,hello@keywestelectriccars.com,Key West FL,EV Rental,"Electric cars and golf cart rentals for Key West tourists"
Nation Van Rentals,nationvanrentals.com,(813) 998-7708,info@nationvanrentals.com,Tampa FL,Van Specialist,"Specializes in 15-passenger Ford Transit vans FL and Atlanta"
Hola Car Rentals,holacarrentals.com,(786) 999-8312,soporte@holacarrentals.com,Miami FL,Aggregator,"Third-party marketplace multilingual support 4.9-star rating"
Firefly Car Rental,fireflycarrental.com,,,US / International,Independent Regional,"Budget brand owned by Europcar Mobility Group"
Green Motion,greenmotion.com,,,US / International,Independent Regional,"Eco-friendly car rental franchise with hybrid and electric vehicles"
Native Campervans,nativecampervans.com,(877) 550-5335,support@nativecampervans.com,Denver CO,Campervan,"Premium campervan rentals across five western US cities near parks"
Rocky Mountain Campervans,rockymountaincampervans.com,(720) 593-0433,,Arvada CO / Las Vegas NV,Campervan,"VW Eurovan Vanagon Winnebago Solis rentals for road trips"
Campervan North America,campervannorthamerica.com,(208) 712-8100,reservations@campervannorthamerica.com,Belgrade MT,Campervan,"Adventure-focused campervan rentals across USA and Canada"
Travellers Autobarn USA,travellers-autobarnrv.com,1-800-469-4790,,LA / Vegas / SF / Denver / Seattle,Campervan,"Budget-friendly campervan and RV rentals with free unlimited miles"
JUCY Rentals,jucy.com,,,LA / Las Vegas / San Francisco,Campervan,"Colorful affordable campervans for road trips originally from NZ"
Roamerica,roamerica.com,(503) 974-9565,hello@roamerica.com,Portland OR,Campervan,"Custom-built 4x4 Mercedes Sprinter campervan rentals in PNW"
Lost Campers USA,lostcampersusa.com,,,San Francisco / Los Angeles CA,Campervan,"Budget campervan rentals for West Coast road trips"
AdVANture Vans,advanturevans.com,,,Salt Lake City UT,Campervan,"Sprinter campervan rentals built for adventure in Mountain West"
Riders Share,ridersshare.com,,,Nationwide,Peer-to-Peer,"Peer-to-peer motorcycle rental marketplace (Turo for motorcycles)"
RVshare,rvshare.com,1-888-482-0234,support@rvshare.com,Akron OH,Peer-to-Peer,"Largest peer-to-peer RV rental marketplace nationwide"
Outdoorsy,outdoorsy.com,,,Austin TX,Peer-to-Peer,"Peer-to-peer RV and campervan rental marketplace with insurance"
GIG Car Share,gigcarshare.com,,,Sacramento / Oakland CA,Car Sharing,"One-way car sharing service in Northern California by AAA"
Beverly Hills Rent-a-Car,bhrentacar.com,(310) 837-1400,,Los Angeles CA,Exotic/Luxury,"Luxury and convertible car rentals in Beverly Hills/LA since 1976"
South Beach Exotic Rentals,southbeachexoticrentals.com,(305) 915-1783,,Miami Beach FL,Exotic/Luxury,"Exotic and convertible car rentals in South Florida"
Fetch Truck Rental,fetchtrucks.com,,,Portland OR,Truck/Van,"Independent pickup truck rental for moves and hauling"
Cliffhanger Jeep Rental,cliffhangerjeep.com,(970) 252-9786,,Ouray CO,Jeep/Off-Road,"Jeep Wrangler rentals for Colorado alpine off-road trails"
Farabee's Jeep Rentals Sedona,farabeesjeeprentals.com,(928) 282-0795,,Sedona AZ,Jeep/Off-Road,"Jeep rentals for off-road trail adventures in Sedona red rock"
Vonlane Vans,vonlane.com,,,Dallas TX,Van Specialist,"Luxury Sprinter van rental and shuttle service in Texas"
Apex Luxury Car Hire,apexluxurycarhire.com,(310) 362-4812,,Los Angeles CA,Exotic/Luxury,"Global luxury car rental exotic sports cars convertibles"
Apex Exotic Rentals,apexexoticrentals.com,(602) 402-5286,Aaron@apexexoticrentals.com,Scottsdale AZ,Exotic/Luxury,"Lamborghini Ferrari McLaren Rolls-Royce with door-to-door delivery"
Rogue 1 Exotics,rogue1exotics.com,(602) 757-3737,rogue1exotics@gmail.com,Phoenix AZ,Exotic/Luxury,"Local exotic and luxury car rentals including sports cars in Phoenix"
Fisher Luxury Rental,fisherluxuryrental.com,(602) 661-3970,rental@fisherluxuryrental.com,Phoenix AZ / Molala OR,Exotic/Luxury,"Exotic car collection rentals serving Arizona and Oregon/Washington"
Kali's Luxury and Exotics,kalisluxuryandexotics.com,(888) 501-6988,,Nashville TN,Exotic/Luxury,"Premium luxury and exotic car rentals in Nashville"
Corsa Nero,corsanero.com,(313) 428-1204,support@corsanero.com,Dearborn MI,Exotic/Luxury,"Metro Detroit's premier exotic car rental Lamborghini McLaren Bentley"
Exclusive Exotics Detroit,exclusiveexoticcarrentaldetroit.com,,,Detroit MI,Exotic/Luxury,"Luxury exotic vehicle rental services in Detroit area"
Dream Luxury Rental,drmlxry.com,,,Detroit MI / Miami FL,Exotic/Luxury,"Exotic and luxury car rentals Lamborghini Ferrari Rolls-Royce VIP"
Stratus Luxury Vehicle Rentals,stratuslvr.com,(210) 899-2575,info@stratuslvr.com,San Antonio TX,Exotic/Luxury,"Premium luxury rental Mercedes Corvette Porsche same-day delivery"
Ace Exotic Rentals,aceexotics.com,(305) 394-8122,info@aceexotics.com,Austin TX,Exotic/Luxury,"Luxury exotic car rentals serving San Antonio Austin Dallas"
SteerForce Rentals,steerforcerentals.com,(813) 508-0760,,Tampa FL,Exotic/Luxury,"Luxury sports exotic vehicles for rent in Tampa with delivery"
Bayfront Exotics,bayfrontexotics.com,,,Tampa / Clearwater FL,Exotic/Luxury,"Exotic and luxury car rentals in Tampa Bay area"
TampaLuxe,tampaluxe.com,(813) 343-2227,info@tampaluxe.com,Tampa FL,Exotic/Luxury,"Full-service luxury concierge exotic cars limos yachts private jets"
Sharp Exotics,sharpexotics.com,(877) 358-2064,info@sharpexotics.com,Tampa FL,Exotic/Luxury,"Luxury exotic car rentals Lamborghini Ferrari in Tampa St Pete"
LW Exotic Rentals,lwexoticrentals.com,(724) 759-7103,,Pittsburgh PA,Exotic/Luxury,"Luxury vehicle rentals convertibles coupes sedans SUVs in Pittsburgh"
Rev Exotics,revexotics.net,(848) 278-9927,contact@revexotics.net,Monmouth Junction NJ,Exotic/Luxury,"Exotic luxury car rental serving Northeast including Pittsburgh"
Lusso,thelussoway.com,,,Indianapolis IN,Exotic/Luxury,"Luxury exotic vehicle rental serving greater Indianapolis"
7th Gear Exotics,7thgearexotics.com,(614) 935-9774,info@7thgearexotics.com,Groveport OH,Exotic/Luxury,"Ferrari Lamborghini McLaren Porsche serving Columbus and Cincinnati"
RedLine Auto Group,redlineautogroup.org,,,Columbus OH,Exotic/Luxury,"Exotic car rental in Columbus Ohio market"
RS Luxury & Exotic Rentals,rs-luxury.com,(301) 615-1545,info@rs-luxury.com,DC / Maryland / Virginia,Exotic/Luxury,"Elite luxury rental exotic cars Sprinters chauffeur in DMV region"
Exotic Driving Experiences KC,kcexotic.com,,,Kansas City MO,Exotic/Luxury,"Exotic driving programs from ride-alongs to multi-day tours"
KC High End Rentals,kchighendrentals.com,,,Kansas City MO,Exotic/Luxury,"Best luxury car rental company in Kansas City"
MKE Exotic Cars,mkeexoticcars.com,(414) 719-9011,,Milwaukee WI,Exotic/Luxury,"BMW M4 McLaren Mercedes AMG Maserati rentals for events in MKE"
Bay Area Luxuries,bayarealuxuries.com,(669) 301-2051,bayarealuxuries@gmail.com,San Jose CA,Exotic/Luxury,"Premium exotic luxury vehicle rentals with SJC airport delivery"
800ExotiCars,800exoticars.com,,,Multi-city,Exotic/Luxury,"Award-winning white-glove exotic car rentals in 10+ states"
Emmons Luxury,emmonsluxurycarrental.com,(877) 757-4115,drive@emmonsluxury.com,Atlanta GA,Exotic/Luxury,"Premium luxury/exotic rentals concierge matching white-glove delivery"
Milani Exotic Rentals,milanirentals.com,(404) 642-8777,info@milanirentals.com,Atlanta GA,Exotic/Luxury,"Premier exotic car rental and private jet charter serving Southeast"
Triumphant Luxury,triumphantluxury.com,(877) 287-4589,Booking@TriumphantLuxury.com,Multi-city,Exotic/Luxury,"Premium exotic rentals chauffeur concierge in 20+ US cities"
MySugarExotics,mysugarexotics.com,(240) 244-9206,,Gaithersburg MD,Exotic/Luxury,"Supercar rental serving DC/MD/VA Pittsburgh Richmond with chauffeur"
Capital Exotic,capitalexotic.com,,,Washington DC,Exotic/Luxury,"Luxury car rentals including supercars with chauffeur services across DC metro"
CMG Exotics,cmgexotics.com,,,Washington DC,Exotic/Luxury,"Premium exotic rentals including Lamborghini Porsche Mercedes with drivers"
DC Exotic Car Rentals,dcexoticrentals.com,,,Washington DC,Exotic/Luxury,"Curated exotic sports cars sedans SUVs including Lamborghini Rolls Royce"
ExoDrive,exodrive.co,,,Washington DC / MD / VA,Exotic/Luxury,"Premium supercar rentals Ferrari Lamborghini McLaren with professional delivery"
Desert Luxe Exotics,desertluxeexotics.com,,,Scottsdale AZ,Exotic/Luxury,"Scottsdale's premier source for exclusive exotic and luxury car rentals"
Camelback Luxury Auto,camelbackluxuryauto.com,,,Scottsdale AZ,Exotic/Luxury,"Premier luxury and exotic vehicle rental specializing in high-quality cars"
Scottsdale Drive Club,scottsdaledriveclub.com,,,Scottsdale AZ,Exotic/Luxury,"Premier exotic luxury vehicle rentals featuring Corvettes Mercedes Supras"
Factory 3 Exotic Rentals,factory3exoticrentals.com,,,Scottsdale AZ,Exotic/Luxury,"Lamborghinis Brabus G-Wagons Maybachs with 24/7 white-glove service"
Hawaii Luxury Car Rentals,hiluxurycarrentals.com,,,Honolulu HI,Exotic/Luxury,"Exotic sports cars luxury sedans SUVs with complimentary Waikiki hotel pickup"
Holy City Exotics,holycityexotics.com,,,Charleston SC,Exotic/Luxury,"Luxury car rental experiences with fleet of exotic vehicles in Charleston"
East Coast Luxury Rentals,eastcoastluxuryrentals.com,,,Charleston SC,Exotic/Luxury,"Charleston's number one high-end luxury rental with 24-hour VIP treatment"
Illustrious Auto Boutique,illustriousautoboutique.com,(843) 410-3040,,Charleston SC,Exotic/Luxury,"Luxury car rental with exotic vehicle options in Charleston SC"
REV Motor Club,revmotorclub.com,,,Charleston SC,Exotic/Luxury,"Charleston-based high-performance experiences with exotic luxury vehicles"
Caliber Luxury Rentals,caliberluxuryrentals.com,,,Austin TX,Exotic/Luxury,"Specializes in Lamborghinis Ferraris McLarens with professional service"
Zara Exotics,zaraexotics.com,,,Austin TX,Exotic/Luxury,"Corvette Tesla Mercedes Porsche Lamborghini Ferrari rentals"
Forza Fleet,forzafleet.com,,,Austin TX,Exotic/Luxury,"Exclusive selection of high-performance vehicles based in Austin"
Select Supercars,selectsupercars.com,,,Austin TX,Exotic/Luxury,"Hand-selected vehicles with unique specs for premium supercar experiences"
Austin Exotic Car Rental,austinexoticcarrental.com,,,Austin TX,Exotic/Luxury,"Lamborghini Ferrari McLaren rentals with transparent pricing and delivery"
Destin Jeep Rentals,destinjeep.com,,,Destin FL,Jeep/Off-Road,"Jeep and car rental in Destin and Panama City Beach with airport delivery"
30A Jeep Rentals,30ajeep.com,,,Destin / 30A FL,Jeep/Off-Road,"Jeep SUV convertible rentals along the Emerald Coast"
Sedona Car Rentals,sedonacarrentals.com,,,Sedona AZ,Independent Local,"SUVs and sedans with local expertise for exploring Sedona"
Domestic Auto Rentals,domesticautorentals.com,,,Palm Springs CA,Independent Local,"Day weekly monthly vehicle rentals across Palm Springs and greater CA"
Aztec Rent A Car & Truck,aztecrac.com,,,Palm Desert CA,Independent Local,"24/7 luxury car rental agency in Palm Desert and Palm Springs"
Guardian Rent A Car,guardianrentacar.com,(850) 456-0351,,Pensacola FL,Independent Local,"Locally-operated rental since 1990 serving Pensacola with competitive pricing"
Next LVL Exotics,nextlvlexotics.com,,,Chicago IL,Exotic/Luxury,"Premier exotic car rental Lamborghini Ferrari McLaren Rolls-Royce"
Chicago Exotic Motors,chicagoexoticmotors.com,,,Chicago IL,Exotic/Luxury,"Exotic luxury vehicle rentals Lamborghinis Ferraris McLarens"
Imagine Exotics,imagineluxurycarrental.com,,,Chicago IL,Exotic/Luxury,"Exotic car rentals and chauffeur services for special occasions"
Axel Luxury,axelluxury.com,,,Chicago IL,Exotic/Luxury,"Premium exotic luxury rental Lamborghini Urus Corvette"
DDE Rentals,dderentals.com,,,Chicago IL,Exotic/Luxury,"Chicago luxury and exotic car rental curated collection"
CHI Exotic Performance,chiexoticperformance.com,,,Chicago IL,Exotic/Luxury,"Luxury car rental exotic vehicles throughout Chicago"
Denver Exotic Rental Cars,denverexoticrentalcars.com,,,Denver CO,Exotic/Luxury,"Best prices selection of exotic luxury rental cars in Denver"
Majestic Roars,majesticroars.com,,,Denver CO,Exotic/Luxury,"Exotic sports car rental luxury supercars premium service Colorado"
Denver Car Club,denvercarclub.com,,,Denver CO,Exotic/Luxury,"Porsche Ferrari Lamborghini sports cars luxury vehicle rentals"
Drive Colorado Exotic Rentals,drivecoexotics.com,,,Denver CO,Exotic/Luxury,"Exotic vehicles for scenic Denver routes and mountain driving"
589 Exotics,589exotics.com,,,Dallas TX,Exotic/Luxury,"Premium exotic vehicle rentals targeting automotive excellence seekers"
Monarch Exotic Rentals,monarchexoticrentals.com,,,Dallas / Fort Worth TX,Exotic/Luxury,"Luxury exotic car rentals with chauffeur service and delivery across DFW"
Exotic Texas Car Rental,exotictexascarrental.com,,,Dallas TX,Exotic/Luxury,"Premium fleet Lamborghini Ferrari Porsche Mercedes for business events"
Pigeon Forge Auto Rental,pigeonforgeautorentals.com,,,Pigeon Forge TN,Independent Local,"Locally owned car rental in the center of Pigeon Forge"
Southland Jeep & Car Rentals,southlandcarjeeprental.com,(865) 436-9811,,Gatlinburg TN,Jeep/Off-Road,"Family-focused jeeps and vans for exploring Gatlinburg mountains"
Falcon Car Rental,falconcarrentals.com,,,St Thomas USVI,Independent Local,"5-star rated Nissan Toyota SUV Jeep rentals in St Thomas"
Judi of Croix Car Rentals,judiofcroix.com,,,St Croix USVI,Independent Local,"Locally owned since 1984 St Croix's personal car rental company"
Olympic Rent-A-Car,olympicstcroix.com,,,St Croix USVI,Independent Local,"50 years of car rental experience on Saint Croix"
TAICO Rent-A-Car Guam,guam-rentacar.com,,,Guam,Independent Local,"Curated maintained vehicles with top-tier insurance 24/7 support in Guam"
ONES Rent-A-Car,ones-guam.com,,,Guam,Independent Local,"24/7 car rentals premium yet affordable experience in Guam"
Monarq Motors,monarqmotors.com,,,Palm Beach FL,Exotic/Luxury,"Exotic luxury car rentals delivering elegance and performance in Palm Beach"
Drive Exotics FL,driveexoticsfl.com,,,West Palm Beach FL,Exotic/Luxury,"Lamborghini McLaren Ferrari Corvette Rolls Royce in West Palm Beach"
Legaci Auto Lounge,legaciautolounge.com,,,West Palm Beach / Boca Raton FL,Exotic/Luxury,"Premier exotic car rental for luxury enthusiasts"
BluStreet Miami,blustreetmiami.com,,,Miami FL,Exotic/Luxury,"Exotic car rentals and luxury yacht rentals with delivery in Miami"
Legacy Exotics,exoticsbylegacy.com,,,Miami FL,Exotic/Luxury,"Luxury performance rentals Lamborghini Ferrari McLaren Porsche"
Pugachev Company,pugachev.miami,,,Miami FL,Exotic/Luxury,"Luxury exotic car rentals sports cars to executive SUVs"
Forza Exotic Car Rentals,forzaexoticrentals.com,,,Miami FL,Exotic/Luxury,"Premier Miami exotic car rentals luxury sports cars SUVs"
Luxury Lane Miami,luxurylanemiami.com,,,Miami FL,Exotic/Luxury,"Exotic car rental same-day pickup delivery throughout South Florida"
Select Exotic Cars,selectexoticcars.com,,,Las Vegas NV,Exotic/Luxury,"Premium Lamborghini Rolls-Royce with hotel and airport delivery"
DT Exotics Las Vegas,dtexoticslv.com,,,Las Vegas NV,Exotic/Luxury,"Premium supercar rental service in Las Vegas"
Lanier Luxury Rentals,lanierluxuryrental.com,,,Las Vegas NV,Exotic/Luxury,"Exotic luxury rentals five-star customer service competitive pricing"
Cache Luxe,cacheluxe.com,,,San Diego CA,Exotic/Luxury,"San Diego sophistication with every mile for events and getaways"
Outer Banks Jeep Rentals,outerbanksjeeprentals.com,,,Outer Banks NC,Jeep/Off-Road,"2-door 4-door Jeep Wranglers with lift kits for beach driving ORV permits"
OBX Jeep Rentals,obxjeeprentals.com,,,Outer Banks NC,Jeep/Off-Road,"Premium 4x4 Jeep Wranglers SUVs for beach driving wild horse viewing"
Island Jeep and Car Rentals,islandjeepandcarrentals.com,,,Kill Devil Hills NC,Jeep/Off-Road,"Full-service rental center on OBX Wranglers Cherokees SUVs"
Carroprive,carroprive.com,,,Atlanta GA,Exotic/Luxury,"Luxury electric exotic car rentals VIP transportation flexible payment"
SunTime Exotic Car Rental,suntimeexoticcarrentalsnashville.com,,,Nashville TN,Exotic/Luxury,"Exquisite luxury exotic car rentals focused on premium driving"
Music City Dream Cars,mcdcrentals.com,,,Nashville TN,Exotic/Luxury,"Exclusive exotic luxury rental Ferrari Lamborghini Rolls Royce"
Silicon Valley Exotics,svexotic.com,,,San Francisco Bay Area CA,Exotic/Luxury,"Chauffeured classic cars for weddings photoshoots VIP events"
Vault Exotics,vaultexoticsnorcal.com,,,San Francisco Bay Area CA,Exotic/Luxury,"Premier high-end supercars for events coastal drives"
Cruisin Maui Rent-a-Car,cruisinmaui.com,,,Maui HI,Independent Local,"Affordable car rentals and adventure gear near Kahului Airport"
Makoa Rental Car Maui,carrentalmaui.com,(808) 866-0286,,Maui HI,Independent Local,"5.0 Google-rated Kahului Airport car rental transparent pricing"
Kihei Auto Rental,kiheiautorental.com,,,Maui HI,Independent Local,"Family vehicle rentals for Maui island exploration"
Kimos Rent A Car,kimosrentacar.com,,,Maui HI,Independent Local,"Budget Maui car rental from $140/week free extra drivers"
ECO Rental Car,ecorentalcar.com,,,Maui HI,EV Rental,"Specializes in electric vehicles and hybrid cars on Maui"
Island Rental Cars,islandrentalcars.com,,,Multiple Islands HI,Independent Local,"Kauai Maui Oahu Big Island jeeps convertibles vans compacts"
HiloRentalCars.com,hilorentalcars.com,,,Big Island HI,Independent Local,"Locally-owned car rental in Hilo and Kona weekly monthly discounts"
Car Rental Big Island,carrentalbigisland.com,,,Kona Big Island HI,Independent Local,"Locally owned Kona airport car rental no hidden fees"
Rainbow Car Rentals,rainbowcarrentals.com,,,Big Island HI,Independent Local,"Small locally owned economy vehicles SUVs 4x4s vans"
Cheap Kona Car Rental,cheapkonacarrental.com,,,Big Island HI,Independent Local,"Affordable car rental locations in both Hilo and Kona"
EZ Affordable Car Rentals,ezsaffordablecarrentals.com,,,Kapolei Oahu HI,Independent Local,"Veteran-owned small business quality community car rental"
808 Smart Car Rentals,808smartcars.com,(808) 458-1313,,Honolulu HI,Independent Local,"Cars minivans specialty vehicles in Honolulu"
Baba Rentals,babarentalshawaii.com,,,Ewa Beach Oahu HI,Independent Local,"Veteran and family-operated affordable Oahu rentals"
Key West Adventures,keywestadventures.com,,,Key West FL,Independent Local,"Jeep convertible rentals plus beach amenities in Key West"
Youngs Bicycle Shop Car Rentals,youngsbicycleshop.com,,,Nantucket MA,Independent Local,"Fuel efficient sedans and 4x4 Jeep rentals on Nantucket"
B&R Rent A Car,bandrrentacar.com,(252) 473-2141,,Manteo NC,Independent Local,"Serving Dare County Airport with affordable Outer Banks vehicle rentals"
Baker Automotive Rentals,bakerautomotiverentals.com,(910) 833-1660,,Wilmington NC / Charleston SC,Independent Local,"Premium vehicle rentals luxury models NC SC 35+ years experience"
Winter Wagon,winterwagon.com,,,Aspen CO,Specialty,"One-way winter-ready car rentals to/from Aspen ski resorts"
Vail Rental Cars,vailrentalcars.com,(970) 453-7368,info@vailrentalcars.com,Vail CO,Independent Local,"Premier Vail Valley rental 4 locations DEN airport Breckenridge all AWD"
iDrive Denver,idrivedenver.com,,,Denver CO,Independent Local,"Family-owned local rental personalized Colorado adventure service"
Sun Diego Car Rental,sundiegocarrental.com,(619) 298-5990,,San Diego CA,Independent Local,"Since 1993 vans cars trucks San Diego and Baja unlimited mileage"
CMW Car Rentals,cmwcarrentals.com,,,San Diego CA,Independent Local,"Family-owned 20+ years Kearny Mesa drivers 18+ no mileage limits"
Express Rent a Cheap Car,expressrentacheapcar.com,,,San Diego CA,Independent Local,"Number one source affordable car rental San Diego students travelers"
RENTY,renty.biz,,,San Diego CA,Independent Local,"Long-term rentals radical price transparency no hidden fees"
A.P.S Rent-A-Car,tucsonautorental.com,,,Tucson AZ,Independent Local,"Local Tucson auto rental cheap car rentals unlimited miles"
SOVA Automotive,sovaautomotive.com,,,Virginia Beach VA,Independent Local,"Car rental and lease-to-own with affordable rates local service"
907 Car Rental,907carrental.com,,,Anchorage AK,Independent Local,"Locally owned affordable luxury car rental in Anchorage"
Alaska Auto Rental,alaskaautorental.com,,,Anchorage AK,Independent Local,"Locations in Anchorage Fairbanks Denali Seward Whittier"
VonNay Car Rentals,vonnaycarrental.com,,,Salem MA,Independent Local,"Family-owned independent serving North Shore Massachusetts"
Work Ride NYC,workridenyc.com,,,Long Island NY,Independent Local,"Affordable reliable car rental deals on Long Island"
Real EZ Rent a Car,realezrentacar.com,,,Cleveland OH,Independent Local,"Local Cleveland-only rentals flexible payment cash credit debit"
Americars Auto Rental,americarsrc.com,,,Fort Lauderdale FL,Independent Local,"Local expertise South Florida car rentals"
Car For Long,carforlong.com,,,Miami FL,Independent Local,"Long-term monthly rentals in Miami 9+ years in business"
Florida Van Rentals,carrentalexpress.com,,,Orlando FL,Independent Local,"Family-owned since 2000 expanded to Tampa Miami Palm Beach cruise ports"
The Kemray Edition,thekemrayedition.com,,,Orlando / Tampa FL,Rideshare,"Uber Lyft DoorDash approved vehicles no credit check unlimited miles"
SkyCar,getskycar.com,,,Las Vegas NV,Independent Local,"Local team honest pricing clean vehicles real people answering phones"
Cash Car Rental / Snap Auto,snapautocashrentals.com,,,Las Vegas NV,Independent Local,"Family-owned cash rental without credit cards or checks required"
Envy GO Car Rentals,envygocarrentals.com,,,Las Vegas NV,Independent Local,"Premium car rental high-end vehicles hassle-free booking"
South Lake Tahoe Car Rental,southlaketahoecarrental.com,,,South Lake Tahoe CA,Independent Local,"Delivery-based rental to hotels homes businesses in South Tahoe"
Rent-A-Car Montana,rentacarmt.com,(406) 500-7368,,Bozeman MT,Independent Local,"Independent rental car operator in Bozeman Montana"
NOW Rent A Car,nowrentacar.com,,,Portland OR,Independent Local,"Cheap rental cars Portland Wilsonville Woodburn cash payment options"
TurnNGo,turnngo.com,,,Pittsburgh PA,Independent Local,"No credit check unlimited miles affordable weekly rates Pittsburgh"
Premier Carriage Auto Group,pcagrentals.com,,,Philadelphia PA,Independent Local,"Flexible car rental and rent-to-own programs low upfront cost"
800ExotiCars,800exoticars.com,,,Multi-city,Exotic/Luxury,"Award-winning white-glove exotic car rentals in 10+ states"
RentX,rentx.com,,,Multi-city,Exotic/Luxury,"Exotic luxury car rental marketplace serving multiple US cities"
Manaloha Rent a Car,manaloharentacar.net,,,Wailuku Maui HI,Independent Local,"Wailuku-based rental with airport delivery for Kahului Airport"
DriveAway Rentals,driveawayrentals.com,(843) 547-3500,,Charleston SC,Independent Local,"Community-based Toyota specialist cash/debit payment options"
"GoldStar Rental PDX",goldstarrentalpdx.com,,,Portland OR,Exotic/Luxury,"Portland car rental offering Tesla Model 3 BMW Porsche Cayenne and Ford vehicles from $60-98/day"
"NOW Rent A Car",nowrentacar.com,(503) 954-2979,,"Portland, OR",Independent Regional,"Full-service car van and truck rental serving the greater Portland Metro area with locations in Portland Wilsonville and Woodburn"
"Kendall Rent-A-Car",kendallrentacar.com,(541) 242-5820,,"Eugene, OR",Independent Local,"Locally operated rental offering insurance specials and great daily and weekly rates on compact sedans to SUVs"
"Astoria Ford Rental Department",astoriaford.com/rental-department.htm,(503) 325-6411,,"Astoria, OR",Independent Local,"Ford dealership rental department offering competitive rates on new Ford models with complimentary shuttle service"
"High River Rentals",spokanerentalcar.com,,,"Airway Heights, WA",Independent Local,"Locally owned rental car agency in Spokane area with delivery options and locations at Spokane Airport and Amtrak Station"
"Noller Rentals",nollerautogroup.com/vehicle-rental-topeka-ks/,(785) 235-9211,,"Topeka, KS",Independent Local,"Locally owned rental offering clean reliable sedans SUVs trucks and Class A RVs with complimentary delivery"
"Budget Car and Truck Rental of Wichita",budgetwichita.com,(800) 404-8033,,"Wichita, KS",Independent Regional,"Independent Budget licensee since 1977 with five Wichita-area locations offering fuel-efficient vehicles and moving trucks"
"Budget Car and Truck Rental of Nebraska",budgetnebraska.com,(800) 404-8033,,"Omaha, NE",Independent Regional,"Independent Budget licensee since 1962 serving Omaha Lincoln and Grand Island with cars SUVs and moving trucks"
"Vern Eide Auto Rentals",verneiderentals.com,(605) 349-1222,,"Sioux Falls, SD",Independent Local,"Locally owned rental offering economy through premium vehicles with unlimited mileage and honest pricing"
"Team Car Rentals",teamcarrental.biz,(605) 342-8326,,"Rapid City, SD",Independent Regional,"Locally owned facility offering rental cars UTVs and Vanderhall vehicles with locations in Rapid City Hill City and Cody WY"
"Black Hills Car Rentals",blackhillscarrental.net,(605) 342-6696,,"Rapid City, SD",Independent Local,"Clean late-model cars minivans SUVs pickups and 15-passenger vans with free airport and hotel pickup/drop-off"
"Casey's Auto Rental Service",caseysautorental.com,(605) 343-2277,frankie@caseysautorental.com,"Rapid City, SD",Independent Local,"Family-run rental since 1989 offering cars trucks vans and wheelchair-accessible vehicles for Black Hills area"
"Green Mountain Car Rental",vtcarrental.com,(802) 775-1808,,"Rutland, VT",Independent Local,"Independent car and truck rental offering economy to premium vehicles with free pickup/drop-off at Rutland Airport"
"New England Exotic",newenglandexotic.com,(603) 301-5171,angel@newenglandexotic.com,"Medford, MA",Exotic/Luxury,"Exotic and luxury car rental offering sports cars convertibles SUVs and economy options across New England"
"Vorenza Rental Cars LLC",vorenzarentals.com,(603) 661-2672,info@vorenzarentals.com,"Derry, NH",Independent Local,"New Hampshire premier car rental with economy to luxury vehicles accepting drivers 18+ with 24/7 support"
"Christy's Car & Truck Rental",christysauto.com,(401) 944-9800,,"Johnston, RI",Independent Local,"Rhode Island's only locally owned car and truck rental offering cars SUVs minivans pickups and box trucks"
"Northeast Auto Rentals",northeastautorentals.com,(401) 283-7125,pallienello51@gmail.com,"Johnston, RI",Independent Local,"Local rental offering cars SUVs trucks multi-passenger vehicles RVs and luxury rentals with 24/7 road assistance"
"Reyes Car Rentals",reyescarrentals.com,(800) 909-5045,,"Middleton, MA",Independent Regional,"Weekly and long-term car rentals across MA RI and NH for personal rideshare and delivery use with no deposit"
"Richmond Motor Sales & Rental",richmondrentalri.com,(401) 270-6800,,"Providence, RI",Independent Local,"Flexible daily car rental with no credit card or deposit required offering diverse fleet in Providence"
"Rent-A-Wreck of East Haven",rentawreck.com/central-ct-car-rental.htm,(203) 469-7331,,"East Haven, CT",Independent Local,"Family owned for over 20 years offering affordable compact standard and full-size cars plus vans and trucks"
"Johnson's Town Line Auto",johnsonstownlineauto.com,(207) 255-4996,,"East Machias, ME",Independent Local,"Small-town Maine business offering auto repair towing and car rental services since 2010"
"BMC Auto Rental",bmcauto.com,(859) 431-8500,RENTME@BMCAUTO.com,"Newport, KY",Independent Regional,"20-year-old rental agency with four Kentucky locations offering compact cars sedans SUVs and multi-passenger vans"
"Luv Enterprises",luvcars.us,(304) 853-3005,,"Charleston, WV",Independent Local,"Boutique car rental offering personalized service with delivery within 25 miles and airport/train station pickup"
"Pigeon Forge Auto Rental",pigeonforgeautorentals.com,(865) 229-6355,,"Pigeon Forge, TN",Independent Local,"Locally owned car rental with pickup available throughout Pigeon Forge for Smoky Mountains visitors"
"Southland Jeep & Car Rentals",southlandcarjeeprental.com,(865) 436-9811,,"Gatlinburg, TN",Independent Local,"Specialty Jeep and car rental offering daily weekly and monthly Jeeps and vans for Smoky Mountains exploration"
"Guardian Rent A Car",guardianrentacar.com,(850) 456-0351,,"Pensacola, FL",Independent Local,"Value car rental since 1990 offering military/government rates free local pickup and current model vehicles"
"Galveston Island Car Rentals",galvestonislandcarrentals.com,(409) 392-6010,galvestonslingshotrentals@gmail.com,"Galveston, TX",Independent Local,"Affordable island rental accepting cash and credit card payments with no credit checks required"
"Bay Area Auto & Truck Rental",baautorental.com,(281) 337-8395,,"Dickinson, TX",Independent Regional,"Car SUV pickup and van rental serving Houston Galveston and Gulf South regions for personal and commercial use"
"Martha's Vineyard Auto Rentals",mvautorental.com,(508) 696-5300,,"Oak Bluffs, MA",Island Rental,"Family of island locations offering Jeeps sedans and SUVs with airport and ferry pickup on Martha's Vineyard"
"Sun 'n' Fun Rentals",sunnfunrentals.com,(508) 693-5457,sunnfunrentals@gmail.com,"Oak Bluffs, MA",Island Rental,"Locally owned since 1982 specializing in Jeep Wrangler rentals with 30+ Wranglers and complimentary island pickup"
"Budget Martha's Vineyard",budgetmv.com,,,"Martha's Vineyard, MA",Island Rental,"Family-owned for nearly 30 years offering Jeeps convertibles and specialty vehicles at 4 island locations"
"Nantucket Island Rent-A-Car",nantucketislandrentacar.com,(508) 228-9989,info@nantucketislandrentacar.com,"Nantucket, MA",Island Rental,"Year-round island rental with beach-permit vehicles including Jeep Wranglers and Land Rover Defenders"
"Orcas Island Car Rentals",orcascars.com,(206) 705-3999,,"Orcas Island, WA",Island Rental,"Island-owned car rental serving San Juan Islands with brand new vehicles and white-glove pickup at ferries"
"M & W Auto Rentals and Sales",sanjuanauto.com,(360) 378-2886,info@sanjuanauto.com,"Friday Harbor, WA",Island Rental,"Operating since 1988 with 6+ island locations offering economy to convertible rentals in San Juan Islands"
"Catalina Island Golf Cart",catalinaislandgolfcart.com,(310) 510-0369,info@catalinaislandgolfcart.com,"Avalon, CA",Island Rental,"Golf cart rentals for exploring Avalon on Catalina Island with 4- and 6-passenger carts"
"Sanibel Car Rentals",islandtaxi.com/car-rentals/,(239) 579-0059,ride@islandtaxi.com,"Sanibel, FL",Island Rental,"Flexible car rentals from midsize to passenger vans for exploring Sanibel and Captiva Islands"
"Breckenridge Rental Car",breckenridgerentalcar.com,(970) 453-7368,info@breckenridgerentalcar.com,"Breckenridge, CO",Mountain Rental,"Summit County's premier rental agency offering SUVs and Jeep Wranglers with door-to-door pickup"
"Easy Auto Rentals Steamboat",easyautorentalssteamboat.com,(970) 896-5080,info@easyautorentalssteamboat.com,"Steamboat Springs, CO",Mountain Rental,"Yampa Valley car rental with weekend and evening delivery offering SUVs and trucks from $33/day"
"Winter Wagon",winterwagon.com,,help@winterwagon.com,"Colorado (multiple ski towns)",Mountain Rental,"Ski resort car and shuttle service with vehicles equipped with studded snow tires and ski racks"
"Park City Car Rentals",parkcitycarrentals.com,(435) 658-2227,info@parkcitycarrental.com,"Park City, UT",Mountain Rental,"Utah ski town rental with free ski racks and child seats plus complimentary pickup/dropoff"
"Whitefish Car Rentals",whitefishcarrentals.com,(406) 871-7654,,"Whitefish, MT",Mountain Rental,"Locally owned with 30+ vehicles serving Whitefish Kalispell and Columbia Falls near Glacier National Park"
"Explore Rentals",explore-rentals.com,(406) 922-0179,,"Belgrade, MT",Mountain Rental,"Bozeman's original 4WD car rental and outdoor gear agency since 2010 located near BZN airport"
"Hatch Adventures",hatchadventures.com,,info@hatchadventures.com,"Belgrade, MT",Mountain Rental,"Locally owned overlanding 4WD rental near Bozeman airport with Jeeps Broncos and Toyotas for Montana terrain"
"Journey Rent-A-Car",journeyrentacar.com,(406) 551-2277,,"Belgrade, MT",Mountain Rental,"Affordable AWD/4WD van and SUV rentals near Bozeman for trips to Yellowstone and Big Sky"
"Boise Auto Rentals",boiseautorentals.com,(208) 391-3724,nick@boiseautorentals.com,"Boise, ID",Independent Local,"Family-owned Boise rental with airport pickup offering daily/weekly rentals including luxury and exotic vehicles"
"Priceless Car Rental",pricelesscarrental.com,(877) 877-1400,,"Reno, NV",Independent Regional,"Franchise network since 1998 providing locally-owned neighborhood alternative to major chains across the US"
"Pro Rent-a-Car",prorentacar.com,(865) 312-6200,,"Alcoa, TN",Independent Local,"Knoxville-area rental serving corporate travel and insurance replacements with same-day availability"
"Rugged Rental & Sales",ruggedrental.com,(801) 977-9111,,"Salt Lake City, UT",Independent Regional,"Specializing in pickup trucks SUVs and passenger vans with UDOT-certified snow tires and airport shuttle"
"Affordable Rent-A-Car And Sales",affordablerentacarandsales.com,(801) 266-7368,,"Salt Lake City, UT",Independent Local,"Family-owned SLC rental with airport branch offering compacts to cargo vans plus used car sales"
"Cars on the Go",carsonthego.com,,,"El Paso, TX",Independent Local,"Affordable car rentals serving El Paso TX and southern New Mexico including Dona Ana and Otero Counties"
"Little Hawaii Rent A Car",littlehawaiirentals.com,(808) 374-2137,,"Honolulu, HI",Independent Regional,"Locally owned since 2006 with Oahu and Maui locations offering compacts to 15-passenger vans"
"ZEV Co-op",zev.coop,(833) 387-4273,goelectric@zev.coop,"Bainbridge Island, WA",Car Share Cooperative,"Nonprofit member-owned electric vehicle carsharing cooperative expanding across Washington State"
"Sacramento Community Car Share",,,,Sacramento CA,Car Share Cooperative,"Free-membership community car sharing program with vehicles at public housing and mutual housing locations"
